{
  "entity.player.breath": {
    "sounds": [
      { "name": "AmbientSounds6/rizz", "weight": 40, "stream": true, "volume": 1.1, "attenuation_distance": 16 }
    ],
    "replace": "true"
  },
  "ambient.underwater.loop.additions.ultra_rare": {
    "sounds": [
      { "name": "AmbientSounds6/animals/whale/whale1", "weight": 30, "stream": true, "volume": 1, "attenuation_distance": 14 },
      { "name": "AmbientSounds6/animals/whale/whale2", "weight": 30, "stream": false, "volume": 1, "attenuation_distance": 14 },
      { "name": "AmbientSounds6/animals/whale/whale3", "weight": 30, "stream": false, "volume": 1, "attenuation_distance": 14 }
    ],
    "replace": "false"
  },
  "block.grass.step": {
    "sounds": [
      {"name": "step/grass1", "weight": 30, "volume": 1.0},
      {"name": "step/grass2", "weight": 30, "volume": 1.0},
      {"name": "step/grass3", "weight": 30, "volume": 1.0},
      {"name": "step/grass4", "weight": 30, "volume": 1.0},
      {"name": "step/grass5", "weight": 30, "volume": 1.0},
      {"name": "step/grass6", "weight": 30, "volume": 1.0},
      {"name": "AmbientSounds6/animals/crow/crow5", "weight": 2, "volume": 0.25},
      {"name": "AmbientSounds6/animals/birds/bird-ambience1", "weight": 2, "volume": 0.2},
      {"name": "AmbientSounds6/animals/birds/bird-ambience2", "weight": 2, "volume": 0.2},
      {"name": "AmbientSounds6/animals/owl/owl6", "weight": 2, "volume": 0.2},
      {"name": "AmbientSounds6/animals/dove/mouring_dove1", "weight": 2, "volume": 0.5},
      {"name": "AmbientSounds6/animals/cricket/cricket1", "weight": 2, "volume": 0.25}
    ],
    "replace": false,
    "subtitle": "subtitles.block.generic.footsteps"
  },
  "block.gravel.step": {
    "sounds": [
      {"name": "step/gravel1", "weight": 30, "volume": 1.0},
      {"name": "step/gravel2", "weight": 30, "volume": 1.0},
      {"name": "step/gravel3", "weight": 30, "volume": 1.0},
      {"name": "step/gravel4", "weight": 30, "volume": 1.0},
      {"name": "step/gravel5", "weight": 30, "volume": 1.0},
      {"name": "step/gravel6", "weight": 30, "volume": 1.0},
      {"name": "AmbientSounds6/animals/crow/crow8", "weight": 2, "volume": 0.25},
      {"name": "AmbientSounds6/animals/owl/owl3", "weight": 2, "volume": 0.2},
      {"name": "AmbientSounds6/animals/wolf/wolf1", "weight": 2, "volume": 0.25},
      {"name": "AmbientSounds6/animals/cricket/cricket3", "weight": 2, "volume": 0.25}
    ],
    "replace": false,
    "subtitle": "subtitles.block.generic.footsteps"
  },
  "block.sand.step": {
    "sounds": [
      {"name": "step/sand1", "weight": 30, "volume": 1.0},
      {"name": "step/sand2", "weight": 30, "volume": 1.0},
      {"name": "step/sand3", "weight": 30, "volume": 1.0},
      {"name": "step/sand4", "weight": 30, "volume": 1.0},
      {"name": "step/sand5", "weight": 30, "volume": 1.0},
      {"name": "step/sand6", "weight": 30, "volume": 1.0},
      {"name": "AmbientSounds6/animals/crow/crow5", "weight": 2, "volume": 0.25},
      {"name": "AmbientSounds6/animals/crow/crow1", "weight": 2, "volume": 0.2},
      {"name": "AmbientSounds6/animals/cicadas/cicadas-desert", "weight": 2, "volume": 0.3},
      {"name": "AmbientSounds6/animals/cricket/cricket3", "weight": 2, "volume": 0.25}
    ],
    "replace": false,
    "subtitle": "subtitles.block.generic.footsteps"
  },
  "block.snow.step": {
    "sounds": [
      {"name": "step/snow1", "weight": 30, "volume": 1.0},
      {"name": "step/snow2", "weight": 30, "volume": 1.0},
      {"name": "step/snow3", "weight": 30, "volume": 1.0},
      {"name": "step/snow4", "weight": 30, "volume": 1.0},
      {"name": "step/snow5", "weight": 30, "volume": 1.0},
      {"name": "step/snow6", "weight": 30, "volume": 1.0},
      {"name": "AmbientSounds6/animals/crow/crow8", "weight": 2, "volume": 0.25},
      {"name": "AmbientSounds6/animals/owl/owl3", "weight": 2, "volume": 0.2},
      {"name": "AmbientSounds6/animals/wolf/wolf1", "weight": 2, "volume": 0.25},
      {"name": "AmbientSounds6/animals/birds/bird-ambience-spooky", "weight": 2, "volume": 0.3}
    ],
    "replace": false,
    "subtitle": "subtitles.block.generic.footsteps"
  },
  "block.deepslate.step": {
    "sounds": [
      {"name": "block/deepslate/step1", "weight": 30, "volume": 1.0},
      {"name": "block/deepslate/step2", "weight": 30, "volume": 1.0},
      {"name": "block/deepslate/step3", "weight": 30, "volume": 1.0},
      {"name": "block/deepslate/step4", "weight": 30, "volume": 1.0},
      {"name": "block/deepslate/step5", "weight": 30, "volume": 1.0},
      {"name": "block/deepslate/step6", "weight": 30, "volume": 1.0},
      {"name": "AmbientSounds6/cave/cave1", "weight": 5, "volume": 0.5},
      {"name": "AmbientSounds6/cave/cave2", "weight": 5, "volume": 0.5}
    ],
    "replace": true,
    "subtitle": "subtitles.block.generic.footsteps"
  },
  "block.driptstone.step": {
    "sounds": [
      {"name": "block/dripstone/step1", "weight": 30, "volume": 1.0},
      {"name": "block/dripstone/step2", "weight": 30, "volume": 1.0},
      {"name": "block/dripstone/step3", "weight": 30, "volume": 1.0},
      {"name": "block/dripstone/step4", "weight": 30, "volume": 1.0},
      {"name": "block/dripstone/step5", "weight": 30, "volume": 1.0},
      {"name": "block/dripstone/step6", "weight": 30, "volume": 1.0},
      {"name": "AmbientSounds6/cave/cave-water1", "weight": 5, "volume": 0.5},
      {"name": "AmbientSounds6/cave/cave-water2", "weight": 5, "volume": 0.5}
    ],
    "replace": true,
    "subtitle": "subtitles.block.generic.footsteps"
  },
  "block.stone.step": {
    "sounds": [
      {"name": "step/stone1", "weight": 30, "volume": 1.0},
      {"name": "step/stone2", "weight": 30, "volume": 1.0},
      {"name": "step/stone3", "weight": 30, "volume": 1.0},
      {"name": "step/stone4", "weight": 30, "volume": 1.0},
      {"name": "step/stone5", "weight": 30, "volume": 1.0},
      {"name": "step/stone6", "weight": 30, "volume": 1.0},
      {"name": "AmbientSounds6/cave/cave-large1", "weight": 2, "volume": 0.25},
      {"name": "AmbientSounds6/cave/cave-large2", "weight": 2, "volume": 0.25}
    ],
    "replace": true,
    "subtitle": "subtitles.block.generic.footsteps"
  },
  "block.sculk.step": {
    "sounds": [
      {"name": "AmbientSounds6/cave/cave-large1", "weight": 10, "stream": true, "volume": 1.4, "pitch": 0.7, "attenuation_distance": 16},
      {"name": "AmbientSounds6/cave/cave-large2", "weight": 10, "stream": true, "volume": 1.4, "pitch": 0.7, "attenuation_distance": 16},
      {"name": "AmbientSounds6/cave/deep-dark", "weight": 80, "stream": true, "volume": 1.4, "pitch": 0.7, "attenuation_distance": 16}
    ],
    "replace": false,
    "subtitle": "subtitles.block.generic.footsteps"
  },
  "entity.sniffer.idle": {
    "sounds": [
      { "name": "AmbientSounds6/animals/bird/bird-ambience-huge1", "weight": 2, "stream": true, "volume": 0.5, "attenuation_distance": 16 },
      { "name": "AmbientSounds6/animals/bird/bird-ambience-huge2", "weight": 2, "stream": true, "volume": 0.4, "attenuation_distance": 16 },
      { "name": "AmbientSounds6/wind/light-wind", "weight": 2, "stream": true, "volume": 0.8, "attenuation_distance": 16 },
      { "name": "AmbientSounds6/animals/bird/bird-ambience-huge3", "weight": 2, "stream": true, "volume": 0.6, "attenuation_distance": 16 }
    ],
    "replace": "false"
  },
  "entity.dolphin.ambient": {
    "sounds": [
      { "name": "AmbientSounds6/animals/seagull/seagull-long", "weight": 10, "stream": true, "volume": 0.25, "attenuation_distance": 16 },
      { "name": "AmbientSounds6/water/ocean", "weight": 20, "stream": true, "volume": 1.4, "attenuation_distance": 16 },
      { "name": "AmbientSounds6/water/beach", "weight": 20, "stream": true, "volume": 0.6, "attenuation_distance": 16 },
      { "name": "AmbientSounds6/wind/wind", "weight": 30, "stream": true, "volume": 2.0, "pitch": 0.9, "attenuation_distance": 16 },
      { "name": "AmbientSounds6/water/beach2", "weight": 20, "stream": true, "volume": 0.5, "attenuation_distance": 16 }
    ],
    "replace": "false"
  },
  "entity.parrot.ambient": {
    "sounds": [
      { "name": "mob/parrot/idle1", "weight": 10 },
      { "name": "mob/parrot/idle2", "weight": 10 },
      { "name": "mob/parrot/idle3", "weight": 10 },
      { "name": "mob/parrot/idle4", "weight": 10 },
      { "name": "mob/parrot/idle5", "weight": 10 },
      { "name": "mob/parrot/idle6", "weight": 10 },
      { "name": "AmbientSounds6/animals/bird/bird-ambience-jungle", "weight": 2, "stream": true, "volume": 0.8, "attenuation_distance": 16 },
      { "name": "AmbientSounds6/animals/bird/bird-ambience-jungle2", "weight": 2, "stream": true, "volume": 0.4, "attenuation_distance": 16 }
    ],
    "replace": "true"
  },
  "entity.parrot.fly": {
    "sounds": [
      { "name": "mob/parrot/fly1", "weight": 10 },
      { "name": "mob/parrot/fly2", "weight": 10 },
      { "name": "mob/parrot/fly3", "weight": 10 },
      { "name": "mob/parrot/fly4", "weight": 10 },
      { "name": "mob/parrot/fly5", "weight": 10 },
      { "name": "mob/parrot/fly6", "weight": 10 },
      { "name": "mob/parrot/fly7", "weight": 10 },
      { "name": "mob/parrot/fly8", "weight": 10 },
      { "name": "AmbientSounds6/animals/bird/bird-ambience-jungle", "weight": 10, "stream": true, "volume": 1, "attenuation_distance": 16 },
      { "name": "AmbientSounds6/animals/bird/bird-ambience-jungle2", "weight": 10, "stream": true, "volume": 1.4, "attenuation_distance": 16 }
    ],
    "replace": "true"
  },
  "entity.bee.loop": {
    "sounds": [
      { "name": "mob/bee/loop1", "weight": 10 },
      { "name": "mob/bee/loop2", "weight": 10 },
      { "name": "mob/bee/loop3", "weight": 10 },
      { "name": "mob/bee/loop4", "weight": 10 },
      { "name": "AmbientSounds6/animals/bird/bird-ambience-warm", "weight": 10, "stream": true, "volume": 1, "attenuation_distance": 16 },
      { "name": "AmbientSounds6/cicadas/cicadas", "weight": 2, "stream": true, "volume": 0.7, "attenuation_distance": 16 },
      { "name": "AmbientSounds6/animals/bird/bird-ambience-warm2", "weight": 10, "stream": true, "volume": 1.1, "attenuation_distance": 16 }
    ],
    "replace": "false"
  },
  "entity.cod.ambient": {
    "sounds": [
      { "name": "AmbientSounds6/animals/seagull/seagull-long", "weight": 10, "stream": true, "volume": 1, "attenuation_distance": 16 },
      { "name": "AmbientSounds6/wind/light-wind", "weight": 30, "stream": true, "volume": 2.0, "pitch": 1.3, "attenuation_distance": 16 },
      { "name": "AmbientSounds6/water/ocean", "weight": 20, "stream": true, "volume": 1.2, "attenuation_distance": 16 },
      { "name": "AmbientSounds6/water/beach", "weight": 10, "stream": true, "volume": 0.9, "attenuation_distance": 16 },
      { "name": "AmbientSounds6/water/beach2", "weight": 20, "stream": true, "volume": 0.8, "attenuation_distance": 16 }
    ],
    "replace": "false"
  },
  "entity.panda.ambient": {
    "sounds": [
      { "name": "AmbientSounds6/animals/cricket/cricket-jungle", "weight": 10, "stream": true, "volume": 1, "attenuation_distance": 16 },
      { "name": "AmbientSounds6/wind/light-wind", "weight": 30, "stream": true, "volume": 2.0, "pitch": 1.3, "attenuation_distance": 16 },
      { "name": "AmbientSounds6/animals/cricket/cricket-jungle-night", "weight": 10, "stream": true, "volume": 1, "attenuation_distance": 16 }
    ],
    "replace": "false"
  },
  "entity.salmon.ambient": {
    "sounds": [
      { "name": "AmbientSounds6/animals/seagull/seagull-long", "weight": 2, "stream": true, "volume": 1, "attenuation_distance": 16 },
      { "name": "AmbientSounds6/water/ocean", "weight": 10, "stream": true, "volume": 0.9, "attenuation_distance": 16 },
      { "name": "AmbientSounds6/wind/wind", "weight": 15, "stream": true, "volume": 2.0, "pitch": 1.1, "attenuation_distance": 16 },
      { "name": "AmbientSounds6/water/beach", "weight": 10, "stream": true, "volume": 0.55, "attenuation_distance": 16 }
    ],
    "replace": "false"
  },
  "block.water.ambient": {
    "sounds": [
      { "name": "AmbientSounds6/water/ocean", "weight": 15, "stream": true, "volume": 2.0, "pitch": 1.1, "attenuation_distance": 16 },
      { "name": "AmbientSounds6/water/beach", "weight": 20, "stream": true, "volume": 0.65, "attenuation_distance": 16 }
    ],
    "replace": "true"
  },
  "entity.tropical_fish.ambient": {
    "sounds": [
      { "name": "AmbientSounds6/animals/seagull/seagull-long", "weight": 5, "stream": true, "volume": 1, "attenuation_distance": 16 },
      { "name": "AmbientSounds6/water/ocean", "weight": 20, "stream": true, "volume": 1.6, "attenuation_distance": 16 },
      { "name": "AmbientSounds6/animals/seagull/seagull1", "weight": 11, "volume": 1 },
      { "name": "AmbientSounds6/animals/seagull/seagull2", "weight": 12, "volume": 1 },
      { "name": "AmbientSounds6/wind/wind", "weight": 25, "stream": true, "volume": 2.0, "pitch": 1.2, "attenuation_distance": 16 },
      { "name": "AmbientSounds6/animals/seagull/seagull3", "weight": 9, "volume": 1 },
      { "name": "AmbientSounds6/animals/seagull/seagull4", "weight": 8, "volume": 1 },
      { "name": "AmbientSounds6/animals/seagull/seagull5", "weight": 7, "volume": 1 },
      { "name": "AmbientSounds6/animals/seagull/seagull6", "weight": 15, "volume": 1 },
      { "name": "AmbientSounds6/water/beach", "weight": 10, "stream": true, "volume": 0.8, "attenuation_distance": 16 },
      { "name": "AmbientSounds6/water/beach2", "weight": 20, "stream": true, "volume": 0.6, "attenuation_distance": 16 }
    ],
    "replace": "true"
  },
  "entity.frog.ambient": {
    "sounds": [
      { "name": "AmbientSounds6/animals/frog/frog1", "weight": 10, "stream": true, "volume": 0.25, "attenuation_distance": 16 },
      { "name": "AmbientSounds6/animals/frog/frog2", "weight": 10, "stream": true, "volume": 0.25, "attenuation_distance": 16 },
      { "name": "AmbientSounds6/animals/frog/frog-cave1", "weight": 10, "stream": true, "volume": 0.25, "attenuation_distance": 16 },
      { "name": "AmbientSounds6/animals/crow/crow8", "weight": 10, "stream": true, "volume": 0.25, "attenuation_distance": 16 },
      { "name": "AmbientSounds6/animals/cricket/cricket-swamp", "weight": 10, "stream": true, "volume": 0.6, "attenuation_distance": 16 },
      { "name": "AmbientSounds6/animals/cricket/cricket-warm-night2", "weight": 10, "stream": true, "volume": 0.25, "attenuation_distance": 16 },
      { "name": "AmbientSounds6/animals/cricket/cricket-warm-night", "weight": 10, "stream": true, "volume": 0.25, "attenuation_distance": 16 },
      { "name": "AmbientSounds6/animals/birds/bird-ambience-spooky", "weight": 2, "volume": 0.5 },
      { "name": "AmbientSounds6/animals/birds/bird-ambience-spooky1", "weight": 2, "volume": 0.6 },
      { "name": "AmbientSounds6/animals/birds/bird-ambience-spooky2", "weight": 2, "volume": 0.7 }
    ],
    "replace": "false"
  },
  "entity.llama.ambient": {
    "sounds": [
      { "name": "AmbientSounds6/animals/crow/crow8", "weight": 10, "stream": true, "volume": 0.7, "attenuation_distance": 16 },
      { "name": "AmbientSounds6/wind/light-wind", "weight": 40, "stream": true, "volume": 1, "attenuation_distance": 16 },
      { "name": "AmbientSounds6/wind/wind", "weight": 10, "stream": true, "volume": 0.7, "attenuation_distance": 16 },
      { "name": "AmbientSounds6/animals/birds/bird-ambience-spooky", "weight": 2, "volume": 0.5 },
      { "name": "AmbientSounds6/animals/birds/bird-ambience-spooky1", "weight": 2, "volume": 0.6 },
      { "name": "AmbientSounds6/animals/birds/bird-ambience-spooky2", "weight": 2, "volume": 0.25 }
    ],
    "replace": "false"
  },
  "entity.wolf.ambient": {
    "sounds": [
      { "name": "AmbientSounds6/animals/wolf/wolf1", "weight": 2, "volume": 0.5 },
      { "name": "AmbientSounds6/animals/wolf/wolf2", "weight": 2, "volume": 0.5 },
      { "name": "AmbientSounds6/animals/wolf/wolf3", "weight": 2, "volume": 0.5 },
      { "name": "AmbientSounds6/animals/wolf/wolf4", "weight": 2, "volume": 0.5 },
      { "name": "AmbientSounds6/animals/wolf/wolf5", "weight": 2, "volume": 0.5 },
      { "name": "AmbientSounds6/animals/wolf/wolf6", "weight": 2, "volume": 0.5 },
      { "name": "AmbientSounds6/animals/wolf/wolf7", "weight": 2, "volume": 0.5 },
      { "name": "AmbientSounds6/animals/wolf/wolf8", "weight": 2, "volume": 0.5 },
      { "name": "AmbientSounds6/animals/wolf/wolf9", "weight": 2, "volume": 0.5 },
      { "name": "AmbientSounds6/animals/wolf/wolf10", "weight": 2, "volume": 0.5 }
    ],
    "replace": "false"
  },
  "entity.warden.ambient": {
    "sounds": [
      { "name": "AmbientSounds6/animals/special/warden", "weight": 10, "stream": true, "volume": 0.7, "attenuation_distance": 16 }
    ],
    "replace": "false"
  },
  "entity.warden.heartbeat": {
    "sounds": [
      { "name": "AmbientSounds6/animals/special/warden", "weight": 10, "stream": true, "volume": 0.5, "attenuation_distance": 16 }
    ],
    "replace": "false"
  },
  "entity.fox.ambient": {
    "sounds": [
      { "name": "AmbientSounds6/animals/crow/crow8", "weight": 10, "stream": true, "volume": 0.7, "attenuation_distance": 16 },
      { "name": "AmbientSounds6/wind/light-wind", "weight": 30, "stream": true, "volume": 1.1, "attenuation_distance": 16 },
      { "name": "AmbientSounds6/wind/wind", "weight": 6, "stream": true, "volume": 0.5, "attenuation_distance": 16 },
      { "name": "AmbientSounds6/animals/birds/bird-ambience-spooky", "weight": 2, "volume": 0.8 },
      { "name": "AmbientSounds6/animals/birds/bird-ambience-spooky1", "weight": 2, "volume": 0.7 },
      { "name": "AmbientSounds6/animals/birds/bird-ambience-spooky2", "weight": 2, "volume": 0.25 }
    ],
    "replace": "false"
  },
  "entity.spider.ambient": {
    "sounds": [
      { "name": "AmbientSounds6/animals/cricket/cricket-night", "weight": 2, "volume": 0.8 },
      { "name": "AmbientSounds6/animals/cricket/cricket-night2", "weight": 2, "volume": 0.7 },
      { "name": "AmbientSounds6/animals/cricket/cricket-night3", "weight": 2, "volume": 0.7 },
      { "name": "AmbientSounds6/animals/cricket/cricket-night4", "weight": 2, "volume": 0.7 },
      { "name": "AmbientSounds6/animals/cricket/cricket-night5", "weight": 2, "volume": 0.25 }
    ],
    "replace": "false"
  },
  "entity.turtle.ambient_land": {
    "sounds": [
      { "name": "AmbientSounds6/animals/seagull/seagull-long", "weight": 15, "stream": true, "volume": 0.25, "attenuation_distance": 16 },
      { "name": "AmbientSounds6/animals/seagull/seagull1", "weight": 11, "volume": 0.5 },
      { "name": "AmbientSounds6/animals/seagull/seagull2", "weight": 12, "volume": 0.25 },
      { "name": "AmbientSounds6/wind/light-wind", "weight": 30, "stream": true, "volume": 2.0, "pitch": 1.3, "attenuation_distance": 16 },
      { "name": "AmbientSounds6/animals/seagull/seagull3", "weight": 6, "volume": 0.25 },
      { "name": "AmbientSounds6/animals/seagull/seagull4", "weight": 8, "volume": 0.25 },
      { "name": "AmbientSounds6/animals/seagull/seagull5", "weight": 7, "volume": 0.27 },
      { "name": "AmbientSounds6/animals/seagull/seagull6", "weight": 15, "volume": 0.25 },
      { "name": "AmbientSounds6/water/beach", "weight": 20, "stream": true, "volume": 1, "attenuation_distance": 16 },
      { "name": "AmbientSounds6/water/beach2", "weight": 20, "stream": true, "volume": 1, "attenuation_distance": 16 }
    ],
    "replace": "false"
  },
  "entity.glow_squid.ambient": {
    "sounds": [
      { "name": "AmbientSounds6/animals/whale/whale1", "weight": 30, "stream": true, "volume": 1.1, "attenuation_distance": 24 },
      { "name": "AmbientSounds6/animals/whale/whale2", "weight": 30, "stream": false, "volume": 1.1, "attenuation_distance": 24 },
      { "name": "AmbientSounds6/animals/whale/whale3", "weight": 30, "stream": false, "volume": 1.1, "attenuation_distance": 24 }
    ],
    "replace": "false"
  },
  "ambient.cave": {
    "sounds": [
      { "name": "AmbientSounds6/cave/cave-large1", "weight": 80, "stream": true, "volume": 1.4, "pitch": 0.7, "attenuation_distance": 16 },
      { "name": "AmbientSounds6/cave/cave-large2", "weight": 80, "stream": true, "volume": 1.4, "pitch": 0.7, "attenuation_distance": 16 },
      { "name": "AmbientSounds6/cave/underworld", "weight": 30, "stream": true, "volume": 1.4, "pitch": 0.7, "attenuation_distance": 16 },
      { "name": "AmbientSounds6/cave/cave-lush", "weight": 80, "stream": true, "volume": 1.4, "pitch": 0.7, "attenuation_distance": 16 }
    ],
    "replace": "false"
  },
  "weather.rain": {
    "sounds": [
      { "name": "ambient/weather/rain1", "weight": 80, "volume": 0.35 },
      { "name": "ambient/weather/rain2", "weight": 80, "volume": 0.35 },
      { "name": "ambient/weather/rain3", "weight": 80, "volume": 0.35 },
      { "name": "ambient/weather/rain4", "weight": 80, "volume": 0.35 },
      { "name": "ambient/weather/rain5", "weight": 80, "volume": 0.35 },
      { "name": "ambient/weather/rain6", "weight": 80, "volume": 0.35 },
      { "name": "ambient/weather/rain7", "weight": 80, "volume": 0.35 },
      { "name": "ambient/weather/rain8", "weight": 80, "volume": 0.35 },
      { "name": "AmbientSounds6/weather/rain", "weight": 10, "stream": true, "volume": 1.4, "pitch": 0.7, "attenuation_distance": 16 },
      { "name": "AmbientSounds6/weather/rain2", "weight": 10, "stream": true, "volume": 1.4, "pitch": 1.25, "attenuation_distance": 16 },
      { "name": "AmbientSounds6/wind/heavy-wind", "weight": 10, "stream": true, "volume": 1.4, "pitch": 1.25, "attenuation_distance": 16 },
      { "name": "AmbientSounds6/wind/wind-in-leaves", "weight": 10, "stream": true, "volume": 1.4, "pitch": 0.55, "attenuation_distance": 16 },
      { "name": "AmbientSounds6/weather/rain3", "weight": 10, "stream": true, "volume": 1.4, "pitch": 1.25, "attenuation_distance": 16 }
    ],
    "replace": true,
    "subtitle": "subtitles.weather.rain"
  },
  "entity.lightning_bolt.thunder": {
    "sounds": [
      { "name": "AmbientSounds6/weather/storm-away", "weight": 10, "stream": true, "volume": 1.4, "pitch": 1.25, "attenuation_distance": 16 },
      { "name": "AmbientSounds6/weather/storm-close", "weight": 10, "stream": true, "volume": 1.4, "pitch": 1, "attenuation_distance": 16 },
      { "name": "AmbientSounds6/wind/howling-wind", "weight": 10, "stream": true, "volume": 1.4, "pitch": 1.25, "attenuation_distance": 16 }
    ],
    "replace": false,
    "subtitle": "subtitles.entity.lightning_bolt.thunder"
  },
  "ambient.underwater.loop.additions": {
    "sounds": [
      { "name": "AmbientSounds6/water/underwater", "weight": 30, "stream": true, "volume": 1.4, "pitch": 0.75, "attenuation_distance": 16 },
      { "name": "AmbientSounds6/water/underwater-deep", "weight": 30, "stream": true, "volume": 1.4, "pitch": 1.25, "attenuation_distance": 16 }
    ],
    "replace": "false"
  }
}